-- ì»¬ëŸ¼ ë ˆë²¨ ì œì•½ì¡°ê±´
CREATE TABLE USER_TABLE (
    USER_NO INT PRIMARY KEY,                    -- ì»¬ëŸ¼ ë ˆë²¨ PK
    USER_ID VARCHAR(20) UNIQUE,                 -- ì»¬ëŸ¼ ë ˆë²¨ UNIQUE
    USER_PWD VARCHAR(30) NOT NULL,              -- ì»¬ëŸ¼ ë ˆë²¨ NOT NULL
    GENDER VARCHAR(10) CHECK(GENDER IN ('ë‚¨', 'ì—¬')) -- ì»¬ëŸ¼ ë ˆë²¨ CHECK
);
-- í…Œì´ë¸” ë ˆë²¨ ì œì•½ì¡°ê±´
CREATE TABLE USER_TABLE (
    USER_NO INT,
    USER_ID VARCHAR(20),
    USER_PWD VARCHAR(30) NOT NULL,  -- NOT NULLì€ ì»¬ëŸ¼ ë ˆë²¨ë§Œ ê°€ëŠ¥
    GENDER VARCHAR(10),
    
    -- ðŸ‘‡ í…Œì´ë¸” ë ˆë²¨ ì œì•½ì¡°ê±´ë“¤
    CONSTRAINT PK_USER_NO PRIMARY KEY(USER_NO),
    CONSTRAINT UK_USER_ID UNIQUE(USER_ID),
    CONSTRAINT CK_GENDER CHECK(GENDER IN ('ë‚¨', 'ì—¬'))
);


/*
LIBRARY_MEMBER í…Œì´ë¸”ì„ ìƒì„±í•˜ì„¸ìš”.
ì œì•½ì¡°ê±´ëª…(CONSTRAINT) ê·œì¹™:
- PK: PK_í…Œì´ë¸”ëª…_ì»¬ëŸ¼ëª…
- UK: UK_í…Œì´ë¸”ëª…_ì»¬ëŸ¼ëª…  
- CK: CK_í…Œì´ë¸”ëª…_ì»¬ëŸ¼ëª…

ì»¬ëŸ¼ ì •ë³´:
- MEMBER_NO: íšŒì›ë²ˆí˜¸ (ìˆ«ìž, ê¸°ë³¸í‚¤)
- MEMBER_NAME: íšŒì›ì´ë¦„ (ìµœëŒ€ 20ìž, í•„ìˆ˜ìž…ë ¥)
- EMAIL: ì´ë©”ì¼ (ìµœëŒ€ 50ìž, ì¤‘ë³µë¶ˆê°€)
- PHONE: ì „í™”ë²ˆí˜¸ (ìµœëŒ€ 15ìž)
- AGE: ë‚˜ì´ (ìˆ«ìž, 7ì„¸ ì´ìƒ 100ì„¸ ì´í•˜ë§Œ ê°€ëŠ¥)
- JOIN_DATE: ê°€ìž…ì¼ (ë‚ ì§œì‹œê°„, ê¸°ë³¸ê°’ì€ í˜„ìž¬ì‹œê°„)
*/
USE delivery_app;

CREATE TABLE LIBRARY_MEMBER (
	-- ë‹¤ë¥¸ SQL ì—ì„œëŠ” ì»¬ëŸ¼ ë ˆë²¨ë¡œ ì œì•½ì¡°ê±´ì„ ìž‘ì„±í•  ë•Œ CONSTRAINT ë¥¼ ì´ìš©í•´ì„œ
    -- ì œì•½ì¡°ê±´ì˜ ëª…ì¹­ì„ ì„¤ì •í•  ìˆ˜ ìžˆì§€ë§Œ
    -- MySQL ì€ ì œì•½ì¡°ê±´ ëª…ì¹­ì„ MySQL ìžì²´ì—ì„œ ìžë™ìƒì„± í•´ì£¼ê¸° ë•Œë¬¸ì— ëª…ì¹­ ìž‘ì„±ì„ ì»¬ëŸ¼ ë ˆë²¨ì—ì„œ í•  ìˆ˜ ì—†ìŒ.
    -- ì»¬ëŸ¼ëª…ì¹­  ìžë£Œí˜•(ìžë£Œí˜•í¬ê¸°)	ì œì•½ì¡°ê±´	ì œì•½ì¡°ê±´ëª…ì¹­					ì œì•½ì¡°ê±´ë“¤ ì„¤ì •
    -- MEMBER_NO INT 				CONSTRAINT 	PK_LIBRARY_MEMBER_MEMBER_NO 	PRIMARY KEY,
	MEMBER_NO INT PRIMARY KEY,  -- CONSTRAINT PK_LIBRARY_MEMBER_MEMBER_NO ì™€ ê°™ì€ ëª…ì¹­ ìžë™ìƒì„±ë¨
    MEMBER_NAME VARCHAR(20) NOT NULL,
    EMAIL VARCHAR(5) UNIQUE,   -- CONSTRAINT UK_LIBRARY_MEMBER_EMAIL ì™€ ê°™ì€ ì œì•½ì¡°ê±´ ëª…ì¹­ ìžë™ ìƒì„±ë˜ê³  ê´€ë¦¬ë¨
    PHONE VARCHAR(15),
    AGE INT CONSTRAINT CK_LIBRARY_AGE_ CHECK(AGE >= 7 AND AGE <= 100),
    JOIN_DATE TIMESTAMP DEFAULT CURRENT_TIMESTAMP
);

/*
MEMBER_NO, EMAIL ì—ëŠ” ì œì•½ì¡°ê±´ ëª…ì¹­ ì„¤ì •ì´ ì•ˆ ë˜ì§€ë§Œ
AGE ì—ì„œëŠ” ì œì•½ì¡°ê±´ ëª…ì¹­ì´ ì„¤ì •ë˜ëŠ” ì´ìœ 

ë‹¨ìˆœížˆ PK, UNIQUE, FK, NOT NULL ê³¼ ê°™ì´ í•œ ë‹¨ì–´ë¡œ í‚¤ í˜•íƒœë¥¼ ìž‘ì„±í•˜ëŠ” ê²½ìš°ì—ëŠ” ì œì•½ì¡°ê±´ ëª…ì¹­ ì„¤ì •ì´ ë¶ˆê°€ëŠ¥
CHECK ì²˜ëŸ¼ ì œì•½ì¡°ê±´ì´ ìƒì„¸í•  ê²½ìš°ì—ëŠ” ì œì•½ì¡°ê±´ ëª…ì¹­ ì„¤ì • ê°€ëŠ¥
=> CHECK ë§Œ ê°œë°œìžê°€ ì§€ì •í•œ ì œì•½ì¡°ê±´ ëª…ì¹­ ì„¤ì •ì´ ê°€ëŠ¥í•˜ë‹¤!
*/

-- ìš°ë¦¬íšŒì‚¬ëŠ” ì´ë©”ì¼ì„ ìµœëŒ€ 20ê¸€ìž ìž‘ì„±ìœ¼ë¡œ ì„¤ì • -> 21ê¸€ìž ìœ ì €ê°€ íšŒì›ê°€ìž…ì´ ì•ˆëœë‹¤ê³  ì—°ë½
INSERT INTO LIBRARY_MEMBER (MEMBER_NO, MEMBER_NAME, EMAIL, PHONE, AGE)
VALUES (1, 'ê¹€ë…ì„œ', 'kim@email.com', '010-1234-5678', 25);

-- Error Code: 1406. Data too long for column 'EMAIL' at row 1
-- ì»¬ëŸ¼ì—ì„œ ë„£ì„ ìˆ˜ ìžˆëŠ” í¬ê¸°ì— ë¹„í•´ ë°ì´í„°ì–‘ì´ ë§Žì„ ë•Œ ë°œìƒí•˜ëŠ” ë¬¸ì œ
-- ë°©ë²• 1) DROP í•´ì„œ í…Œì´ë¸” ìƒˆë¡œ ìƒì„±í•œë‹¤. -> ê¸°ì¡´ ë°ì´í„°ëŠ”...? íšŒì‚¬ íì—… ì—”ë”©ðŸ’€

-- ë°©ë²• 2) EMAIL ì»¬ëŸ¼ì˜ í¬ê¸° ë³€ê²½ (ALTER ìˆ˜ì • ì‚¬ìš©)
-- 1. EMAIL ì»¬ëŸ¼ì„ 5ìžì—ì„œ 50ìžë¡œ ë³€ê²½
ALTER TABLE LIBRARY_MEMBER
MODIFY EMAIL VARCHAR(50) UNIQUE;
-- ALTER ë¡œ í…Œì´ë¸” ì†ì„±ì„ ë³€ê²½í•  ê²½ìš° ì»¬ëŸ¼ëª…ì— í•´ë‹¹í•˜ëŠ” ì •ë³´ë¥¼ í•˜ë‚˜ ë” ë§Œë“¤ì–´ë†“ì€ í›„ í•´ë‹¹í•˜ëŠ” ì œì•½ì¡°ê±´ ë™ìž‘
-- ALTER ì—ì„œ ìžì„¸í•œ ì„¤ëª… ì§„í–‰..
/*
ALTER ë¡œ ì»¬ëŸ¼ì— í•´ë‹¹í•˜ëŠ” ì¡°ê±´ì„ ìˆ˜ì •í•  ê²¨ì›…
Indexes ì— ì»¬ëŸ¼ëª…_1, ì»¬ëŸ¼ëª…_2, ì»¬ëŸ¼ëª…_3, ... ê³¼ ê°™ì€ í˜•ì‹ìœ¼ë¡œ ì¶”ê°€ë¨

Indexes
EMAIL
EMAIL_2 ì™€ ê°™ì€ í˜•íƒœë¡œ ì¡´ìž¬

EMAIL   ì˜ ê²½ìš° ì œì•½ì¡°ê±´ VARCHAR(5)  UNIQUE,
EMAIL_2 ì˜ ê²½ìš° ì œì•½ì¡°ê±´ VARCHAR(50) UNIQUE

ì»¬ëŸ¼ëª…	 â”‚	ì¸ë±ìŠ¤ë“¤
â”€â”€â”€â”€â”€â”€â”€â”€â”€â”´â”€â”€â”€â”€â”€â”€â”€â”€â”€â”€â”€â”€â”€â”€â”€â”€â”€â”€â”€â”€â”€â”€â”€â”€â”€â”€â”€â”€â”€â”€â”€â”€â”€â”€â”€â”€â”€â”€â”€â”€â”€â”€â”€â”€â”€â”€â”€â”€â”€â”€â”€â”€â”€â”€â”€â”€â”€â”€â”€â”€â”€â”€â”€â”€â”€â”€â”€â”€â”€â”€â”€â”€â”€â”€â”€â”€â”€â”€â”€â”€
EMAIL		EMAIL, EMAIL_2 ì¤‘ì—ì„œ ê°€ìž¥ ìµœê·¼ì— ìƒì„±ëœ ëª…ì¹­ìœ¼ë¡œ ì—°ê²°ë¨.
			í•˜ì§€ë§Œ ìƒˆë¡œ ìƒì„±ëœ ì¡°ê±´ë“¤ì´ ë§ˆìŒì— ë“¤ì§€ ì•Šì•„ ë˜ëŒë¦¬ê³  ì‹¶ì€ ê²½ìš°ì—ëŠ”
            EMAIL ê³¼ ê°™ì´ ê¸°ì¡´ì— ìƒì„±í•œ ì¡°ê±´ì„ ì¸ë±ìŠ¤ ëª…ì¹­ì„ í†µí•´ ë˜ëŒì•„ ì„¤ì •í•  ìˆ˜ ìžˆìŒ.
            ì¸ë±ìŠ¤ = ì œì•½ì¡°ê±´ëª…ì¹­ ë™ì¼
*/

SELECT * FROM library_member;

-- ì œì•½ì¡°ê±´ ìœ„ë°˜ í…ŒìŠ¤íŠ¸ (ì—ëŸ¬ê°€ ë°œìƒí•´ì•¼ ì •ìƒ)
INSERT INTO LIBRARY_MEMBER VALUES (1, 'ë°•ì¤‘ë³µ', 'park@email.com', '010-9999-8888', 30, DEFAULT); -- PK ì¤‘ë³µ
INSERT INTO LIBRARY_MEMBER VALUES (6, 'ì´ë‚˜ì´', 'lee@email.com', '010-7777-6666', 5, DEFAULT); -- ë‚˜ì´ ì œí•œ ìœ„ë°˜
-- Error Code: 3819. Check constraint 'CK_LIBRARY_AGE_' is violated.

INSERT INTO LIBRARY_MEMBER VALUES (2, 'ë°•ì¤‘ë³µ', 'park@email.com', '010-9999-8888', 30, DEFAULT);



/*
ì˜¨ë¼ì¸ ì‡¼í•‘ëª°ì˜ PRODUCT(ìƒí’ˆ) í…Œì´ë¸”ê³¼ ORDER_ITEM(ì£¼ë¬¸ìƒí’ˆ) í…Œì´ë¸”ì„ ìƒì„±í•˜ì„¸ìš”.

1) PRODUCT í…Œì´ë¸”:
- PRODUCT_ID: ìƒí’ˆì½”ë“œ (ë¬¸ìž 10ìž, ê¸°ë³¸í‚¤)
- PRODUCT_NAME: ìƒí’ˆëª… (ë¬¸ìž 100ìž, í•„ìˆ˜ìž…ë ¥)
- PRICE: ê°€ê²© (ìˆ«ìž, 0ë³´ë‹¤ í° ê°’ë§Œ ê°€ëŠ¥)
- STOCK: ìž¬ê³ ìˆ˜ëŸ‰ (ìˆ«ìž, 0 ì´ìƒë§Œ ê°€ëŠ¥, ê¸°ë³¸ê°’ 0)
- STATUS: íŒë§¤ìƒíƒœ ('íŒë§¤ì¤‘', 'í’ˆì ˆ', 'ë‹¨ì¢…' ì¤‘ í•˜ë‚˜ë§Œ ê°€ëŠ¥, ê¸°ë³¸ê°’ 'íŒë§¤ì¤‘')

2) ORDER_ITEM í…Œì´ë¸”:
- ORDER_NO: ì£¼ë¬¸ë²ˆí˜¸ (ë¬¸ìž 20ìž)  
- PRODUCT_ID: ìƒí’ˆì½”ë“œ (ë¬¸ìž 10ìž)
- QUANTITY: ì£¼ë¬¸ìˆ˜ëŸ‰ (ìˆ«ìž, 1 ì´ìƒë§Œ ê°€ëŠ¥)
- ORDER_DATE: ì£¼ë¬¸ì¼ì‹œ (ë‚ ì§œì‹œê°„, ê¸°ë³¸ê°’ì€ í˜„ìž¬ì‹œê°„)

ì£¼ì˜ì‚¬í•­:
- ORDER_ITEMì˜ PRODUCT_IDëŠ” PRODUCT í…Œì´ë¸”ì˜ PRODUCT_IDë¥¼ ì°¸ì¡°í•´ì•¼ í•¨
- ORDER_ITEMì€ (ì£¼ë¬¸ë²ˆí˜¸ + ìƒí’ˆì½”ë“œ) ì¡°í•©ìœ¼ë¡œ ê¸°ë³¸í‚¤ ì„¤ì • (ë³µí•©í‚¤)

í‚¤ëª…ì¹­
-- CONSTRAINT CK_PRODUCT_PRICE
-- CONSTRAINT CK_PRODUCT_STOCK

STATUS VARCHAR(20) DEFAULT 'íŒë§¤ì¤‘' CONSTRAINT CK_PRODUCT_STATUS CHECK(STATUS IN ('íŒë§¤ì¤‘', 'í’ˆì ˆ', 'ë‹¨ì¢…'))
-- CONSTRAINT CK_ORDER_ITEM_QUANTITY
*/
CREATE TABLE PRODUCT (
	PRODUCT_ID VARCHAR(10) PRIMARY KEY,  -- AUTO_INCREMENT ëŠ” ì •ìˆ˜ë§Œ ê°€ëŠ¥!! VARCHAR ì‚¬ìš© ë¶ˆê°€
    PRODUCT_NAME VARCHAR(100) NOT NULL,
    PRICE INT CONSTRAINT CK_PRODUCT_PRICE CHECK(PRICE > 0) DEFAULT 0,
    STOCK INT CONSTRAINT CK_PRODUCT_STOCK CHECK(STOCK >= 0) DEFAULT 0, -- CONSTRAINT ì œì•½ì¡°ê±´ ëª…ì¹­ì€ í•„ìˆ˜ x, ìž‘ì„± ì•ˆ í–ˆì„ ê²½ìš° ìžë™ì™„ì„±
    STATUS VARCHAR(20) DEFAULT 'íŒë§¤ì¤‘' CONSTRAINT CK_PRODUCT_STATUS CHECK(STATUS IN ('íŒë§¤ì¤‘', 'í’ˆì ˆ', 'ë‹¨ì¢…'))
);

CREATE TABLE ORDER_ITEM (
	ORDER_NO VARCHAR(20),
    PRODUCT_ID VARCHAR(10),
    QUANTITY INT CONSTRAINT CK_ORDER_ITEM_QUANTITY CHECK(QUANTITY >= 1),
    ORDER_DATE DATETIME DEFAULT CURRENT_TIMESTAMP
    -- ë³µí•©í‚¤
    -- ì™¸ëž˜í‚¤
);

INSERT INTO PRODUCT VALUES ('P001', 'ë…¸íŠ¸ë¶', 1200000, 10, 'íŒë§¤ì¤‘');
INSERT INTO PRODUCT VALUES ('P002', 'ë§ˆìš°ìŠ¤', 25000, 50, 'íŒë§¤ì¤‘');
INSERT INTO PRODUCT VALUES ('P003', 'í‚¤ë³´ë“œ', 80000, 0, 'í’ˆì ˆ');

INSERT INTO ORDER_ITEM VALUES ('ORD001', 'P001', 2, DEFAULT);
INSERT INTO ORDER_ITEM VALUES ('ORD001', 'P002', 1, DEFAULT);
INSERT INTO ORDER_ITEM VALUES ('ORD002', 'P002', 3, '2024-03-06 14:30:00');

-- ì œí’ˆì´ ì¡´ìž¬í•˜ê³ , ì œí’ˆë²ˆí˜¸ì— ë”°ë¥¸ ì£¼ë¬¸
INSERT INTO ORDER_ITEM VALUES ('ORD003', 'P999', 1, DEFAULT);
-- => CREATE TABLE í•  ë•Œ FK(FOREIGN KEY) ë¥¼ ìž‘ì„±í•˜ì§€ ì•Šì•„
--    ì¡´ìž¬í•˜ì§€ ì•ŠëŠ” ì œí’ˆë²ˆí˜¸(P999)ì˜ ì£¼ë¬¸ì´ ë“¤ì–´ì˜¤ëŠ” ë¬¸ì œê°€ ë°œìƒ


-- í…Œì´ë¸” ë‹¤ì‹œ ìƒì„±
-- í…Œì´ë¸”ì´ ì¡´ìž¬í•œë‹¤ë©´ ì‚­ì œ
-- ì™¸ëž˜í‚¤ê°€ ì„¤ì •ë˜ì—ˆì„ ê²½ìš° ë©”ì¸ í…Œì´ë¸”ì€ ë©”ì¸ì„ ê¸°ì¤€ìœ¼ë¡œ ì—°ê²°ëœ ë°ì´í„°ê°€ ìžì‹í…Œì´ë¸”ì— ì¡´ìž¬í•  ê²½ìš°
-- ìžì‹í…Œì´ë¸”ì„ ì‚­ì œí•´ì•¼ ë©”ì¸ í…Œì´ë¸”ì„ ì‚­ì œí•  ìˆ˜ ìžˆìŒ.
-- => ORDER_ITEM í…Œì´ë¸”ì„ ì‚­ì œí•œ í›„ì— PRODUCT í…Œì´ë¸”ì„ ì‚­ì œí•  ìˆ˜ ìžˆë‹¤!!
DROP TABLE IF EXISTS PRODUCT;
DROP TABLE IF EXISTS ORDER_ITEM;

-- ë©”ì¸ì´ ë˜ëŠ” í…Œì´ë¸” ìƒì„±
CREATE TABLE PRODUCT (
	PRODUCT_ID VARCHAR(10) PRIMARY KEY,  -- AUTO_INCREMENT ëŠ” ì •ìˆ˜ë§Œ ê°€ëŠ¥!! VARCHAR ì‚¬ìš© ë¶ˆê°€
    PRODUCT_NAME VARCHAR(100) NOT NULL,
    PRICE INT CONSTRAINT CK_PRODUCT_PRICE CHECK(PRICE > 0) DEFAULT 0,
    STOCK INT CONSTRAINT CK_PRODUCT_STOCK CHECK(STOCK >= 0) DEFAULT 0, -- CONSTRAINT ì œì•½ì¡°ê±´ ëª…ì¹­ì€ í•„ìˆ˜ x, ìž‘ì„± ì•ˆ í–ˆì„ ê²½ìš° ìžë™ì™„ì„±
    STATUS VARCHAR(20) DEFAULT 'íŒë§¤ì¤‘' CONSTRAINT CK_PRODUCT_STATUS CHECK(STATUS IN ('íŒë§¤ì¤‘', 'í’ˆì ˆ', 'ë‹¨ì¢…'))
);


-- ORDER_ITEM ì—ì„œ
-- CONSTRAINT AB FOREIGN KEY (PRODUCT_ID) REFERENCES PRODUCT(PRODUCT_ID) í…Œì´ë¸” ë ˆë²¨ë¡œ ì¡´ìž¬í•˜ëŠ” ì™¸ëž˜í‚¤ë¥¼
-- ìœ„ ë‚´ìš© ì°¸ì¡°í•˜ì—¬ ì»¬ëŸ¼ ë ˆë²¨ë¡œ ì„¤ì •í•´ì„œ ORDER_ITEM í…Œì´ë¸” ìƒì„±
-- ìƒí’ˆì´ ìžˆì–´ì•¼ ì£¼ë¬¸ ê°€ëŠ¥
-- MySQL ì—ì„œ FOREIGN KEY ë˜í•œ í…Œì´ë¸” ë ˆë²¨ë¡œ ìž‘ì„±
CREATE TABLE ORDER_ITEM (
	ORDER_NO VARCHAR(20),
    -- PRODUCT_ID VARCHAR(10) FOREIGN KEY REFERENCES PRODUCT(PRODUCT_ID), => ì»¬ëŸ¼ ë ˆë²¨ì—ì„œ ì„¤ì • ë¶ˆê°€!
    PRODUCT_ID VARCHAR(10),
    QUANTITY INT CONSTRAINT CK_ORDER_ITEM_QUANTITY CHECK(QUANTITY >= 1),
    ORDER_DATE DATETIME DEFAULT CURRENT_TIMESTAMP,
    
    /*
	-- ì™¸ëž˜í‚¤ë¥¼ ìž‘ì„±í•  ë•ŒëŠ” ë°˜ë“œì‹œ FOREIGN KEY ë¼ëŠ” ëª…ì¹­ì´ í•„ìˆ˜ë¡œ ì»¬ëŸ¼ ë ˆë²¨ì´ë‚˜ í…Œì´ë¸” ë ˆë²¨ì— ë¬´ì¡°ê±´ ë“¤ì–´ê°€ì•¼ í•¨.
    -- ORDER_ITEM í…Œì´ë¸” ì•ˆì—ì„œ PRODUCT_ID ì»¬ëŸ¼ì€ PRODUCT í…Œì´ë¸” ë‚´ì— ì¡´ìž¬í•˜ëŠ” ì»¬ëŸ¼ ì¤‘ PRODUCT_ID ì»¬ëŸ¼ê³¼ ì—°ê²°í•  ê²ƒ.
	-- ë‹¨ìˆœ ì°¸ì¡°ìš©
	-- PRODUCT_ID VARCHAR(10) REFERENCES PRODUCT(PRODUCT_ID), -- CONSTRAINT ì œì•½ì¡°ê±´ëª…ì¹­ ìžë™ ìƒì„±
    */
    -- ì™¸ëž˜í‚¤ì˜ ê²½ìš°ì—ëŠ” ë³´í†µ í…Œì´ë¸” ë ˆë²¨ì—ì„œ ìž‘ì„±
    -- 'ORDER_ITEM í…Œì´ë¸” ë‚´ ì¡´ìž¬í•˜ëŠ” PRODUCT_ID ëŠ” PRODUCT í…Œì´ë¸”ì˜ PRODUCT_ID ë¥¼ ì°¸ì¡°í•  ê²ƒì´ë‹¤.'
    -- ë¼ëŠ” ì¡°ê±´ì˜ ë‚´ìš©ì„ ABC ë¼ëŠ” ëª…ì¹­ ë‚´ì— ì €ìž¥í•˜ê² ë‹¤ ì„¤ì •
    CONSTRAINT ABC FOREIGN KEY (PRODUCT_ID) REFERENCES PRODUCT(PRODUCT_ID)  -- í…Œì´ë¸” ë ˆë²¨ì˜ ì œì•½ì¡°ê±´
);


INSERT INTO PRODUCT VALUES ('P001', 'ë…¸íŠ¸ë¶', 1200000, 10, 'íŒë§¤ì¤‘');
INSERT INTO PRODUCT VALUES ('P002', 'ë§ˆìš°ìŠ¤', 25000, 50, 'íŒë§¤ì¤‘');
INSERT INTO PRODUCT VALUES ('P003', 'í‚¤ë³´ë“œ', 80000, 0, 'í’ˆì ˆ');

INSERT INTO ORDER_ITEM VALUES ('ORD001', 'P001', 2, DEFAULT);
INSERT INTO ORDER_ITEM VALUES ('ORD001', 'P002', 1, DEFAULT);
INSERT INTO ORDER_ITEM VALUES ('ORD002', 'P002', 3, '2024-03-06 14:30:00');


INSERT INTO ORDER_ITEM VALUES ('ORD003', 'P999', 1, DEFAULT);
-- PRODUCT í…Œì´ë¸”ì— ì¡´ìž¬í•˜ì§€ ì•Šì€ ìƒí’ˆë²ˆí˜¸ë¡œ ì£¼ë¬¸ì´ ë“¤ì–´ì™€, ì™¸ëž˜í‚¤ ì¡°ê±´ì— ìœ„ë°°ë˜ëŠ” í˜„ìƒ ë°œìƒ -> ì£¼ë¬¸ ë°›ì§€ ì•ŠìŒ.
-- Error Code: 1452. Cannot add or update a child row: a foreign key constraint fails (`delivery_app`.`order_item`, CONSTRAINT `ABC` FOREIGN KEY (`PRODUCT_ID`) REFERENCES `product` (`PRODUCT_ID`))



/*
ëŒ€í•™êµ ì„±ì  ê´€ë¦¬ë¥¼ ìœ„í•œ í…Œì´ë¸”ë“¤ì„ ìƒì„±í•˜ì„¸ìš”.

1) STUDENT í…Œì´ë¸”:
- STUDENT_ID: í•™ë²ˆ (ë¬¸ìž 10ìž, ê¸°ë³¸í‚¤)
- STUDENT_NAME: í•™ìƒì´ë¦„ (ë¬¸ìž 30ìž, í•„ìˆ˜ìž…ë ¥)
- MAJOR: ì „ê³µ (ë¬¸ìž 50ìž)
- YEAR: í•™ë…„ (ìˆ«ìž, 1~4í•™ë…„ë§Œ ê°€ëŠ¥)
- EMAIL: ì´ë©”ì¼ (ë¬¸ìž 100ìž, ì¤‘ë³µë¶ˆê°€)

2) SUBJECT í…Œì´ë¸”:
- SUBJECT_ID: ê³¼ëª©ì½”ë“œ (ë¬¸ìž 10ìž, ê¸°ë³¸í‚¤)
- SUBJECT_NAME: ê³¼ëª©ëª… (ë¬¸ìž 100ìž, í•„ìˆ˜ìž…ë ¥)
- CREDIT: í•™ì  (ìˆ«ìž, 1~4í•™ì ë§Œ ê°€ëŠ¥)

3) SCORE í…Œì´ë¸”:
- STUDENT_ID: í•™ë²ˆ (ë¬¸ìž 10ìž)
- SUBJECT_ID: ê³¼ëª©ì½”ë“œ (ë¬¸ìž 10ìž)  
- SCORE: ì ìˆ˜ (ìˆ«ìž, 0~100ì ë§Œ ê°€ëŠ¥)
- SEMESTER: í•™ê¸° (ë¬¸ìž 10ìž, í•„ìˆ˜ìž…ë ¥)
- SCORE_DATE: ì„±ì ìž…ë ¥ì¼ (ë‚ ì§œì‹œê°„, ê¸°ë³¸ê°’ì€ í˜„ìž¬ì‹œê°„)

ì£¼ì˜ì‚¬í•­:
- SCORE í…Œì´ë¸”ì˜ STUDENT_IDëŠ” STUDENT í…Œì´ë¸” ì°¸ì¡°(ì™œëž˜í‚¤ ì‚¬
- SCORE í…Œì´ë¸”ì˜ SUBJECT_IDëŠ” SUBJECT í…Œì´ë¸” ì°¸ì¡°  
- SCORE í…Œì´ë¸”ì€ (í•™ë²ˆ + ê³¼ëª©ì½”ë“œ + í•™ê¸°) ì¡°í•©ìœ¼ë¡œ ê¸°ë³¸í‚¤ ì„¤ì •
- ê°™ì€ í•™ìƒì´ ê°™ì€ ê³¼ëª©ì„ ê°™ì€ í•™ê¸°ì— ì¤‘ë³µìœ¼ë¡œ ìˆ˜ê°•í•  ìˆ˜ ì—†ìŒ
*/

-- YEAR ê³¼ ê°™ì´ SQLì—ì„œ ì‚¬ìš©í•˜ëŠ” ì˜ˆì•½ì–´ë¥¼ SQLì—ì„œëŠ” ì»¬ëŸ¼ëª…ì¹­ìœ¼ë¡œ ì‚¬ìš© ê°€ëŠ¥í•˜ë‚˜,
-- ì˜ˆì•½ì–´ëŠ” ë˜ë„ë¡ì´ë©´ ì»¬ëŸ¼ëª…ì¹­ìœ¼ë¡œ ì‚¬ìš©í•˜ëŠ” ê²ƒì„ ì§€ì–‘í•˜ëŠ” ê²Œ ì¢‹ë‹¤!
CREATE TABLE STUDENT (
	STUDENT_ID VARCHAR(10) PRIMARY KEY,
    STUDENT_NAME VARCHAR(30) NOT NULL,
    MAJOR VARCHAR(50),
    YEAR INT CHECK (YEAR >= 1 AND YEAR <= 4),  -- CHECK ë‚´ì— ì¡´ìž¬í•˜ëŠ” YEAR  -  ì»¬ëŸ¼ëª… YEAR ê°’ ì œí•œ (ì˜ˆì•½ì–´ ì œí•œí•œ ê²Œ ì•„ë‹ˆê³ !)
    EMAIL VARCHAR(100) NOT NULL
);

CREATE TABLE SUBJECT (
	SUBJECT_ID VARCHAR(10) PRIMARY KEY,
    SUBJECT_NAME VARCHAR(100) NOT NULL,
    CREDIT INT CHECK (CREDIT >= 1 AND CREDIT <= 4)
);

DROP TABLE SCORE;
CREATE TABLE SCORE (
	STUDENT_ID VARCHAR(10) PRIMARY KEY,
    SUBJECT_ID VARCHAR(10),
    SCORE INT CHECK (SCORE >= 0 AND SCORE <= 100),
    SEMESTER VARCHAR(10) NOT NULL,
    SCORE_DATE TIMESTAMP DEFAULT CURRENT_TIMESTAMP,
    
    -- ì™¸ëž˜í‚¤
    -- ê¸°ë³¸ ë¬¸ë²•
    -- ì œì•½ì¡°ê±´ì‹œìž‘(CONSTRAINT) ì œì•½ì¡°ê±´ëª…ì¹­ ì™¸ëž˜í‚¤(ì œì•½ì¡°ê±´ì„ ê±¸ í˜„ìž¬ í…Œì´ë¸”ì˜ ì»¬ëŸ¼ëª…) ì°¸ì¡°í•˜ë‹¤(REFERENCES) ì°¸ì¡°í• í…Œì´ë¸”(ì°¸ì¡°í• ì»¬ëŸ¼ëª…)
    
    -- CONSTRAINT PK_SCORE PRIMARY KEY(STUDENT_ID, SUBJET_ID, SEMESTER),
    -- STUDENT í…Œì´ë¸”ê³¼ SUBJECT í…Œì´ë¸”ì€ SCORE í…Œì´ë¸” ë° SCORE í…Œì´ë¸” ë‚´ì—ì„œ
    -- ê° í…Œì´ë¸”ê³¼ ì—°ê²°ëœ ë°ì´í„°ê°€ ì‚¬ë¼ì§€ê¸° ì „ê¹Œì§€ ì‚­ì œí•  ìˆ˜ ì—†ìŒ.
    CONSTRAINT FK_SCORE_STUDENT_ID FOREIGN KEY(STUDENT_ID) REFERENCES STUDENT(STUDENT_ID),
    CONSTRAINT FK_SCORE_SUBJECT_ID FOREIGN KEY(SUBJECT_ID) REFERENCES SUBJECT(SUBJECT_ID)
);

-- ERROR CODE: 3813. Column check constraint 'score_chk_1' references other column.
-- SCORE INT CHECK(CREDIT >= 0 AND CREDIT <= 100), --> SCORE ì»¬ëŸ¼ëª… ì œì•½ì¡°ê±´ì—ì„œ ê´€ë ¨ì—†ëŠ” CREDIT ëª…ì¹­ì„ ìž‘ì„±í–ˆê¸° ë•Œë¬¸
-- ì—ëŸ¬ ë¬¸ì œ í•´ê²° : SCORE INT CHECK(SCORE >= 0 AND SCORE <= 100),

/* ë°ì´í„° ì‚½ìž… */
INSERT INTO STUDENT VALUES ('2024001', 'ê¹€ëŒ€í•™', 'ì»´í“¨í„°ê³µí•™ê³¼', 2, 'kim2024@univ.ac.kr');
INSERT INTO STUDENT VALUES ('2024002', 'ì´ê³µë¶€', 'ê²½ì˜í•™ê³¼', 1, 'lee2024@univ.ac.kr');

INSERT INTO SUBJECT VALUES ('CS101', 'í”„ë¡œê·¸ëž˜ë°ê¸°ì´ˆ', 3);
INSERT INTO SUBJECT VALUES ('BM201', 'ê²½ì˜í•™ì›ë¡ ', 3);
INSERT INTO SUBJECT VALUES ('EN101', 'ëŒ€í•™ì˜ì–´', 2);

INSERT INTO SCORE VALUES ('2024001', 'CS101', 95, '2024-1í•™ê¸°', DEFAULT);
INSERT INTO SCORE VALUES ('2024001', 'EN101', 88, '2024-1í•™ê¸°', DEFAULT); 
-- Error Code: 1062. Duplicate entry '2024001' for key 'score.PRIMARY' ì—ëŸ¬ë¡œ ë°ì´í„° ì‚½ìž… ë¶ˆê°€
INSERT INTO SCORE VALUES ('2024002', 'BM201', 92, '2024-1í•™ê¸°', DEFAULT);

/* ì œì•½ì¡°ê±´ ìœ„ë°˜ í…ŒìŠ¤íŠ¸ */
INSERT INTO STUDENT VALUES ('2024003', 'ë°•ì¤‘ë³µ', 'ìˆ˜í•™ê³¼', 2, 'kim2024@univ.ac.kr');
-- ë¬´ì—‡ì´ ìœ„ë°°ë˜ì—ˆëŠ”ì§€ ì°¾ì•„ë³´ê¸° : ì •ìƒ -> ì´ë©”ì¼ì€ ë³´í†µ ì¤‘ë³µ ë¶ˆê°€!
INSERT INTO SCORE VALUES ('2024001', 'CS101', 150, '2024-1í•™ê¸°', DEFAULT);
-- ë¬´ì—‡ì´ ìœ„ë°°ë˜ì—ˆëŠ”ì§€ ì°¾ì•„ë³´ê¸° : Error Code: 3819. Check constraint 'score_chk_1' is violated.
-- score ì œì•½ì¡°ê±´ 0 ~ 100 ì ìˆ˜ë¡œ, 150ì ì´ ë“¤ì–´ê°€ë ¤ê³  í–ˆê¸° ë•Œë¬¸ì— ë¬¸ì œ ë°œìƒ
INSERT INTO SCORE VALUES ('2024001', 'CS101', 90, '2024-1í•™ê¸°', DEFAULT); 
-- ë¬´ì—‡ì´ ìœ„ë°°ë˜ì—ˆëŠ”ì§€ ì°¾ì•„ë³´ê¸° : Error Code: 1062. Duplicate entry '2024001' for key 'score.PRIMARY'


-- STUDENT í…Œì´ë¸”ì—ì„œ ì´ë©”ì¼ì— í•´ë‹¹í•˜ëŠ” ì»¬ëŸ¼ì„ ì¤‘ë³µ ë¶ˆê°€í•˜ë„ë¡ ì„¤ì •, ë¹ˆì¹¸ í—ˆìš© ê¸ˆì§€, ìžë£Œí˜• 100ê¹Œì§€ ì œí•œ
ALTER TABLE STUDENT
MODIFY EMAIL VARCHAR(100) UNIQUE NOT NULL;
-- Error Code: 1062. Duplicate entry 'kim2024@univ.ac.kr' for key 'student.EMAIL'
-- ì¤‘ë³µëœ ë°ì´í„°ê°€ ì¡´ìž¬í•˜ëŠ” ìƒí™©ì—ì„œ í•´ë‹¹ ì»¬ëŸ¼ì— UNIQUE ì œì•½ì¡°ê±´ì„ ìˆ˜ì •í•˜ë ¤ê³  í•˜ëŠ” ê²½ìš°,
-- ì´ë¯¸ ê¸°ì¡´ì— ì¤‘ë³µë˜ëŠ” ë°ì´í„°ê°€ ì¡´ìž¬í•˜ê¸° ë•Œë¬¸ì— ì»¬ëŸ¼ ì œì•½ì¡°ê±°ì„ ìˆ˜ì •í•  ìˆ˜ ì—†ë‹¤ê³  ê±°ë¶€í•˜ëŠ” ê²ƒ.
-- => ê¸°ì¡´ ë°ì´í„°ê°€ ì œì•½ì¡°ê±´ì— ë¶€í•©í•˜ì§€ ì•Šì„ ê²½ìš° ë°œìƒ

-- ë°ì´í„°ë¥¼ ìˆ˜ì •í•œ ë‹¤ìŒì— ì œì•½ì¡°ê±´ì„ ë‹¤ì‹œ ì„¤ì •

-- ì¤‘ë³µëœ ë°ì´í„° SELECT í™•ì¸
SELECT email, COUNT(*)
FROM student
WHERE email IS NOT NULL
GROUP BY email
HAVING COUNT(*) > 1;

DELETE FROM student
WHERE email = 'kim2024@univ.ac.kr'
-- Error Code: 1175. You are using safe update mode and you tried to update a table without a WHERE that uses a KEY column.
















